Keila, Cortez, keila.cor@example.com, kcortez, password123
Tito, Fajardo, tito.fajardo@example.com, tfajardo, password123
Edwin, Hilario, edhilario@example.com, ehilario, password123
Eber, Guerra, eber.guerra@example.com, eguerra, password123
Sergio, Apellido, sergio@example.com, sergio, password123
David, Wilson, david.wilson@example.com, davidwilson, password123
Eve, Taylor, eve.taylor@example.com, evetaylor, password123
Frank, Anderson, frank.anderson@example.com, frankanderson, password123
Grace, Thomas, grace.thomas@example.com, gracethomas, password123
Hank, Lee, hank.lee@example.com, hanklee, password123
